4000061,Astronomy
4000064,Astronomy
4000239,Astronomy
4000241,Astronomy
4000879,Astronomy
4000882,Astronomy
4001050,Astronomy
4001647,Astronomy
4001649,Astronomy
4001650,Astronomy
4001849,Refugees
4001984,Refugees
4002382,Refugees
4002386,Refugees
4002389,Refugees
4002628,Refugees
4002629,Refugees
4003098,Refugees
4003338,Refugees
4003341,Refugees
4003344,Refugees
4003444,Refugees
4003611,Cancer
4003614,Cancer
4003615,Cancer
4003784,Cancer
4003893,Cancer
4003896,Cancer
4004152,Cancer
4004159,Biodiversity
4004358,Biodiversity
4004541,Biodiversity
4004785,Biodiversity
4004788,Other
4005382,Other
4005491,Other
4006884,Other
