4003587,Other
4003588,Other
4003746,Refugees
4003749,Cancer
4004311,Other
4004312,Other
4004317,Other
4006788,Other
4007479,Other
4007481,Other
4007484,Other
4007485,Other
4007489,Cancer
4007490,Cancer
4007774,Other
4007968,Other
4007971,Other
4007973,Refugees
4007978,Other
4007979,Refugees
4008151,Other
4011878,Other
4011879,Other
4012417,Astronomy
4012421,Other
4012616,Refugees
4013256,Astronomy
4013265,Cancer
4013274,Biodiversity
4013286,Astronomy
4013698,Biodiversity
4014050,Other
4014052,Astronomy
4014053,Astronomy
4014054,Astronomy
4014055,Astronomy
4014056,Astronomy
4014057,Astronomy
4014059,Astronomy
4014061,Astronomy
4014062,Other
4014063,Other
4014064,Other
4014065,Astronomy
4014066,Astronomy
4014067,Astronomy
4014068,Astronomy
4014069,Astronomy
4014070,Astronomy
4014071,Astronomy
4014072,Astronomy
